brand,count,examples
"LDR",46,"LDR EMERY BOARD 10 STD | LDR IBUPROFEN TB 200MG 100 CPLT | LDR LIDOCAIN PRLF AP 4% 5 MS"
"Unknown",13,"NB FOLIC ACID TB 0.8MG 250 | JJ BABY POWDER 270GM CSTRCH | JR WATKINS SHB CR 3.3OZ LEMON"
"CURAD",11,"CURAD BFLY CLSR AP 12 MD1.75X3/8N | CURAD OUCHLESS AP 10 3X4N | CURAD ALCOHOL SWABS PA 70% 200"
"TYLENOL",10,"TYLENOL CHD SS 160MG/5ML120ML GRP | TYLENOL PM TB 25-500MG 100CPLT | TYLENOL CHD SS 160/5 120ML STB"
"B/A",10,"B/A SHEER STRIPS AP 40 1SIZE | B/A FLEXIBLE FABRIC AP 10 KN/ELB | B/A PLUS ANTIBIOTIC AP 20 ASTD"
"ADVIL",9,"ADVIL DUAL ACTION TB 250-125MG 18 | ADVIL GC 200MG 40 LQGL | ADVIL JUNIOR STRN CW 100MG 24 GRP"
"MUCINEX",8,"MUCINEX DM TB 1200-60MG 28 IR/ER | MUCINEX TB 600MG 40 ER BPK | MUCINEX F/MAX C/F/ST LQ 177ML"
"CENTRUM",5,"CENTRUM SILVER TB 200 WOMEN 50+ | CENTRUM MULTIGUMMIES CW 100 WOMEN | CENTRUM SILVER TB 100 MEN 50+"
"COPPERTONE",5,"COPPERTONE CMPL AE 156GM SPF 50 | COPPERTONE SPRT MIN AE142GM SPF50 | COPPERTONE EVRYTNE AE142GM SPF 50"
"ICE",5,"ICE BAG 11N | ICE BAG 6N | ICE IT PC KNEE"
"NEOSPORIN",5,"NEOSPORIN OI 1OZ  TUBE | NEOSPORIN PLUS PRLF CR 1OZ MS | NEOSPORIN PLUS OI 1OZ MS"
"FUT",5,"FUT ENERG WRIST SPT SB L L/XL | FUT ENERG WRIST SPT SB L S/M | FUT ENERG WRIST SPT SB R S/M"
"TOILET",5,"TOILET SEAT ELVT EQ STD W/ARMS | TOILET SEAT ELVT EQ ELG W/ARMS | TOILET SEAT EQ RAISED"
"JOHNSONS",5,"JOHNSONS BABY SH 13.6OZ | JOHNSONS BEDTIME BATH LQ 13.6OZ | JOHNSONS BEDTIME LT 13.6OZ"
"RICOLA",5,"RICOLA LZ 2MG 24 HNY HRB | RICOLA CDR LZ 3.5MG 19 H/LMN ECH | RICOLA CDR LZ 4.8MG 21 ORIG HRB"
"VAGISIL",4,"VAGISIL FEM POWDER 7OZ | VAGISIL FEM WSH LQ 12OZ LGT/FRS | VAGISIL DRY WSH AR 2.6OZ PCH/B"
"ORAL",4,"ORAL-B SATINTAPE 27Y MINT | ORAL-B PROF CAR KT RECH 1000 | ORAL-B INDICATOR TBR SFT"
"XLEAR",4,"XLEAR NSL WASH SN 1.5OZ W/XYLITOL | XLEAR MAX SINUS SN 45ML | XLEAR NASAL DEC SN 0.05% 15ML"
"AYR",3,"AYR SALINE DR 0.65% 50ML  NSL | AYR SALINE SN 0.65% 50ML  NSL | AYR BABY SALINE DR 0.65% 30ML NSL"
"CERAVE",3,"CERAVE MOISTURIZING LT 12OZ | CERAVE FACL MSTRZ LT 89ML SPF30 AM | CERAVE ITCH RELIEF CR 1% 340GM"
"ACE",3,"ACE ATHL BND DS 2N #7460 | ACE ELASTIC BANDAGE DS 3N W/HOOK | ACE ELST BND DS 4N #7604 W/HOOK"
"ARNICARE",3,"ARNICARE ARTHRITISTD 60 QD ND | ARNICARE ARNICA GL 45GM | ARNICARE ARNICA GL 75GM"
"BABY",3,"BABY OIL 3OZ | BABY SOAP BR 3OZ | BABY DOVE LQ 8OZ BODY CREAM"
"GLOVE",3,"GLOVE GV CTN MD LDY N82 | GLOVE GV CTN LRG MEN N86 | GLOVE GV CTN SM LDY 2EA N81"
"EZY",3,"EZY DOSE TAB CUTTER | EZY DOSE TAB CUTTER DLX | EZY DOSE ORAL SY W/KORK 1TSP"
"GLIDE",3,"GLIDE FLOSS 100METR UNF | GLIDE P-HLTH FLS PCK 30 D/CLN | GLIDE FLOSS THREADER 30"
"REFRESH",3,"REFRESH CONTACTS DR 12ML | REFRESH OPTIVE DR 10ML ADV STR | REFRESH PLUS DR 0.5% 30X0.4MLUD"
"SIMPLY",3,"SIMPLY SALINE SN 0.9% 126ML NSL | SIMPLY SALINE SN 0.9% 89ML NSLMST | SIMPLY SAL PL AE 0.13% 210ML 3N1"
"ANKLE",3,"ANKLE SB UN L/XL MOD LF | ANKLE SB UN S/M MOD LF | ANKLE NYLON 2WAY STR SB MD BGE"
"SALONPAS",3,"SALONPAS AP 10-6-3.1% 6 LARGE | SALONPAS PAIN RELIEVING AP 4% 6 | SALONPAS AP 0.025-1.25% 6 GEL HOT"
"ALCOHOL",3,"ALCOHOL PREP PADS 70% 100 STERILE | ALCOHOL SWABSTICKS PA 25X3 | ALCOHOL PREP PADS 70% 100 LRG"
"OMRON",3,"OMRON BL PR MON EQ 3 SER WRST | OMRON BLOOD PRESSURE 3 SER U/R | OMRON BLOOD PRESSURE 5 SER U/R"
"ONE",3,"ONE A DAY MENS 50+ TB 100 | ONE TOUCH VERIO FLEX KT | ONE A DAY WOMENS 50+ TB 65"
"TENA",3,"TENA PRTV UWEAR BF 4X16 XABS LRG | TENA PADS FOR MEN PA 20 | TENA PRTV UWEAR BF 4X16 EXTRA MD"
"BARBASOL",3,"BARBASOL AR 7OZ ORIGINAL | BARBASOL AR 7OZ SSN | BARBASOL AR 7OZ S/ALOE"
"BISACODYL",2,"BISACODYL SU 10MG 12 | BISACODYL TB 5MG 100 EC"
"AFRIN",2,"AFRIN ORIGINAL SN 0.05% 15ML | AFRIN ORIGINAL SN 0.05% 30ML"
"ALKA",2,"ALKA-SEL PL AMPM GC 20 LQGL | ALKA-SEL PL C/C GC 16 MS LQGL"
"BASIS",2,"BASIS VITAMIN BAR 4OZ | BASIS SENSITIVE SKIN BR 4OZ"
"BAYER",2,"BAYER REGIMEN TB 81MG 200 EZCP | BAYER REGIMEN TB 81MG 120 EC EZCP"
"ASPIRIN",2,"ASPIRIN TB 81MG 120 EC | ASPIRIN TB 81MG 120 DR EC"
"A/D",2,"A/D PREVENT OI 15.5-53.4% 113GM | A/D PREVENT OI 15.5-53.4% 454GM"
"CURITY",2,"CURITY TELFA PA 2X3N 10 STR | CURITY TELFA ADH PAD AP 2X3N 100"
"GLYCERIN",2,"GLYCERIN SU 24 ADULT JAR | GLYCERIN SU 50 ADULT JAR"
"SITZ",2,"SITZ BATH | SITZ BATH"
"LUBRIDERM",2,"LUBRIDERM LT 16OZ UNSCENTED | LUBRIDERM LT 6OZ UNSCENTED"
"DESITIN",2,"DESITIN DIAPER RASH OI 40% 113GM | DESITIN CREAMY OI 113GM"
"FREEDOM",2,"FREEDOM CATH CH EXTNL MD | FREEDOM CATH CH EXTNL INTMD"
"DUODERM",2,"DUODERM CGF DS 4X4N 10 XTHN | DUODERM CGF DS 4X4N 5 STR"
"HYDROCORTISONE",2,"HYDROCORTISONE OI 1% 28.4GM | HYDROCORTISONE CR 1% 28GM"
"AZO",2,"AZO CRANBERRY TB 250MG 50 CPLT | AZO URINARY PRLF TB 99.5MG 12 MS"
"CALMOL",2,"CALMOL-4 SU 10-76% 12 | CALMOL-4 SU 10-76% 24"
"LID",2,"LID SCRUB PLUS PD 30 | LID SCRUB PA 30 MOISTURE"
"MOTRIN",2,"MOTRIN INFT DR50MG/1.25ML 30MLBRY | MOTRIN IB TB 200MG 100 CPLT"
"BED",2,"BED BUDDY SINUS PC | BED SUPPORT RAIL"
"DIA",2,"DIA-PAK 5X6.5X2.5N CLASSIC DSHP | DIA-PAK 6.5X8X1N DAYMATE"
"NEUT",2,"NEUT BEACH DEFENSE LT 29ML SPF70 | NEUT BEACH DEFENSE ST 42GM SPF50+"
"SHOWER",2,"SHOWER CHAIR WITH BACK 300LBS | SHOWER CHAIR W/O BACK 300LBS"
"TTS",2,"TTS NICE N CLN HND WPS PA0.13% 20 | TTS WET ONES PA 20 FRESH A/B"
"NEXIUM",2,"NEXIUM 24H CP 20MG 14 | NEXIUM 24H CP 20MG 3X14"
"BLOOD",2,"BLOOD PR CLSC KT MON ADT W/STETH | BLOOD PR MON W/STETH PRIMA EQ CHD"
"PARODONTAX",2,"PARODONTAX PS 0.454% 96.4GM CLMT | PARODONTAX PS 0.454% 96.4GM WHTG"
"SYSTANE",2,"SYSTANE ULTRA DR 25X0.7MLUD OPTH | SYSTANE NTM OI 3-94% 3.5GM PF"
"DENTEMP",2,"DENTEMP RELINE-IT LQ 0.22OZ | DENTEMP REPAIR-IT KIT LQ 0.1OZ"
"FASTEP",2,"FASTEP COVID-19 ANTIGEN HOME KT 2 | FASTEP COVID-19 ANTIGEN HOME KT"
"FERROUS",2,"FERROUS SULF FC TB 325MG100RD MJR | FERROUS SULFATE TB 325MG 100"
"CETAPHIL",2,"CETAPHIL GNTL SKN CLNSR LQ 16OZ | CETAPHIL MOISTURIZING CR 16OZ"
"CHLORHEXIDINE",2,"CHLORHEXIDINE GLUC LQ 4% 118ML | CHLORHEXIDINE GLUC LQ 4% 236ML"
"FLONASE",2,"FLONASE SN 50MCG 11.1ML NSL 72SP | FLONASE SN 50MCG 18.2ML NSL 144SP"
"CARMEX",2,"CARMEX CLICK STICK ST | CARMEX OI 1.7-45.3%10GM TBE SHFPK"
"SUMMERS",2,"SUMMERS EVE DO 2X4.5OZ ISL SPL | SUMMERS EVE DO 2X4.5OZ XCLN V&W"
"TIGER",2,"TIGER BALM CR 113ML ARTH RUB | TIGER MUSCLE RUB CR 15-5-3% 2OZ"
"VASELINE",2,"VASELINE LIP THPY JL 7GM ROSE | VASELINE LIP THPY OI 10GM ADV TBE"
"STYE",2,"STYE OI 31.9-57.7% 3.5GM OPTH | STYE LUB EYE DR 0.6-0.5% 15ML"
"VOLTAREN",2,"VOLTAREN GL 1% 100GM TOP | VOLTAREN GL 1% 50GM TOP"
"ZYRTEC",2,"ZYRTEC D TB 120-5MG 12 12H ER | ZYRTEC TB 10MG 30+10 BNS 24HR"
"PLANTAR",2,"PLANTAR FASCIITIS ORTHOTIC PD WMN | PLANTAR FASCIITIS ORTHOTIC PD MEN"
"THICK",2,"THICK-IT PW 1020GM CONC | THICK-IT PW 284GM CONC"
"BANDAID",2,"BANDAID SENSITIVE SKIN AP 7 XL | BANDAID SENSITIVE SKIN AP 20 ASTD"
"ENSURE",2,"ENSURE LQ 6X237ML CHOC RTU BTL | ENSURE LQ 4X296ML MKCL"
"ADVANCED",2,"ADVANCED EYE RELIEF DR 0.2% 3.5ML | ADVANCED EYE RLF DR 15ML DRY EYE"
"DRIPDROP",2,"DRIPDROP PK 8X10GM BOLD VRTY | DRIPDROP PK 8X10GM JUICY VRTY"
"POLIDENT",2,"POLIDENT DENTURE CLEANSER TB 30 | POLIDENT DENTURE CLEANSER TB 90"
"EPSOM",2,"EPSOM IT SOOTHING NERVE LT 3.5OZ | EPSOM IT SOOTHING MUSCLE LT 3.5OZ"
"TAMPAX",2,"TAMPAX TM 10 REGULAR | TAMPAX TM 10 SUPER"
"AMMONIA",1,"AMMONIA INHALANT AH 15% .33CC 10"
"BATHROOM",1,"BATHROOM SAFETY RAIL EQ"
"ANTI",1,"ANTI-DIARRHEAL TB 2MG 24 CPLT BPK"
"CITRUCEL",1,"CITRUCEL PW 479GM ORANGE SF"
"COCCYX",1,"COCCYX CUSHION MEM FOAM"
"EDGE",1,"EDGE GL 7OZ SSN ALOE"
"EYE",1,"EYE PATCH PD RG BLK"
"MEDITEMP",1,"MEDITEMP HOT/COLD COMPRESS PC"
"TEGADERM",1,"TEGADERM DS 6X8N 10 STR"
"AQUAPHOR",1,"AQUAPHOR HEALING OI 1.75OZ"
"MAGNESIUM",1,"MAGNESIUM OXIDE TB 250MG 100 NM"
"SEA",1,"SEA BOND DENTR ADH AP 15 UPPR"
"BLUE",1,"BLUE MAGIC CD 12OZ"
"FLENTS",1,"FLENTS SIESTA MASK"
"BAZA",1,"BAZA ANTIFUNGAL CR 2% 5OZ"
"CONTI",1,"CONTI CASTILE SOAP BR 3.7OZ LRG"
"FINGER",1,"FINGER SPLINT SB  MEDIUM"
"MOTHERS",1,"MOTHERS FRIEND CREAM 4 OZ"
"WET",1,"WET ONES HND WPS PA0.13% 40"
"ADH",1,"ADH PAD AP 2.875X4N 10 LRG"
"CLUBMAN",1,"CLUBMAN STYPTIC PENCIL 0.25OZ"
"CALCIUM",1,"CALCIUM CITRATE TB 200MG 100"
"DEEP",1,"DEEP SEA SN 0.65% 44ML  NSL"
"DOCTORS",1,"DOCTORS BRUSHPICKS 120"
"EARPLANES",1,"EARPLANES ADULT"
"HALLS",1,"HALLS C/DR LZ 30 MENTHOL"
"MICROPORE",1,"MICROPORE TP 2INX10YD 6 SRG STD"
"SHARPS",1,"SHARPS CTR PHLEB 1QT RED"
"BENADRYL",1,"BENADRYL SX 2% 60ML MS"
"GAUZE",1,"GAUZE SG 4X4N 200 NST 12PL"
"SCARGUARD",1,"SCARGUARD MD LQ 0.5% 15ML"
"TERBINAFINE",1,"TERBINAFINE HCL CR 1% 15GM"
"THERMOP",1,"THERMOP ARTH PD BCK LRG 14X27"
"BALNEOL",1,"BALNEOL CLN LT 89ML"
"APEX",1,"APEX CONTACT LENS CASES"
"COMPACT",1,"COMPACT SHOWER STOOL EQ ADJ"
"COTTON",1,"COTTON ROLL 1LB WHITE NST"
"IODOFORM",1,"IODOFORM PACKING STRIP 1NX5Y"
"OPTI",1,"OPTI-FREE PURE MOIS SL 10OZ W/CS"
"THUMB",1,"THUMB STABILIZER SB RVB O/S LF"
"TOMS",1,"TOMS FLOSS A/PLQ 32Y SMNT"
"STETHOSCOPE",1,"STETHOSCOPE DUAL HEAD EA 22 BLACK"
"IRISH",1,"IRISH SPRING BR 3X3.75OZ ORIGINAL"
"METAMUCIL",1,"METAMUCIL CP 100 G/F"
"CEPACOL",1,"CEPACOL MW 0.05% 710ML A/B"
"POWER",1,"POWER NEBULIZER ULTRA CMPS DSP"
"SELF",1,"SELF STANDING CANE TIP EQ"
"BACK",1,"BACK WRAP PC RUS HT/C"
"UDDERLY",1,"UDDERLY SMOOTH CR8OZ UNS XCARE FF"
"BLINK",1,"BLINK N CLEAN DR 15ML LENS"
"COCONUT",1,"COCONUT OIL CR 2OZ"
"OKEEFFES",1,"OKEEFFES LIP REPAIR ST UNFLAVORED"
"PEPSODENT",1,"PEPSODENT CMPL/CR PS 0.24% 156GM"
"SUNDANCE",1,"SUNDANCE TEA TREE OIL 1 OZ"
"CUTEX",1,"CUTEX PLSH RMVR LQ 6.7OZ MOIS/RCH"
"HEAROS",1,"HEAROS M/P SERIES 2 PR W/CASE"
"CAMPHO",1,"CAMPHO-PHENIQUE GL 10.8-4.7%6.5GM"
"CLARITIN",1,"CLARITIN GC 10MG 30 24H ND LQGL"
"DEBROX",1,"DEBROX KT 6.5% 15ML"
"GUARDIAN",1,"GUARDIAN GLIDE CAP EQ 4 ADULT"
"HYPAFIX",1,"HYPAFIX TP 2NX11Y"
"IODINE",1,"IODINE TN 2% 1OZ MILD"
"KLEENEX",1,"KLEENEX ULTSFT FCL/TIS 360 FLAT"
"KNEE",1,"KNEE SB UN L/XL MOD LF"
"HYDROCOL",1,"HYDROCOL HOTPAC PC OVSZ 15X24N"
"BACITRACIN",1,"BACITRACIN OI 500U/GM 28GM"
"BIOFREEZE",1,"BIOFREEZE AE 10.5% 89ML PBF"
"SENOKOT",1,"SENOKOT-S TB 8.6-50MG 30"
"NWY",1,"NWY VALERIAN ROOT CP 530MG 100"
"NEXCARE",1,"NEXCARE BLISTER AP 6 WP O/S"
"CONTOUR",1,"CONTOUR PACK W/STRAP PC RUS HT/C"
"LUMIFY",1,"LUMIFY DR 0.025% 7.5ML OPTH"
"SODIUM",1,"SODIUM CL SL 5% 15ML OPTH"
"SUNBUM",1,"SUNBUM LT 3-10-5-3.75% 170GMSPF30"
"THERMOPHORE",1,"THERMOPHORE PD MD 14X14N"
"TWICE",1,"TWICE A DAY PILL ORGZ BOXED"
"SPRAY",1,"SPRAY LENS CLNR SP 15ML EYEGLASS"
"PROFOAM",1,"PROFOAM UNDERWRAP PD 2.75INX25YD"
"ACETAMINOPHEN",1,"ACETAMINOPHEN TB 325MG 100 RS"
"DELSYM",1,"DELSYM SS 30MG/5ML 5OZ AF 12H ORN"
"DOCUSATE",1,"DOCUSATE SOD GC 100MG 100 SFG"
"ELASTIC",1,"ELASTIC SPORTS TP 20CT BEIGE"
"HONEY",1,"HONEY POT PA 1% 30EA A/I STH WPS"
"JOLEN",1,"JOLEN CREAM BLEACH 4OZ"
"LACTAID",1,"LACTAID FAST ACT TB 9MU 32"
"LITTLE",1,"LITTLE NOSES SALINE DR 0.65% 30ML"
"PEPPERMINT",1,"PEPPERMINT OL 1OZ SPIRIT USP"
"CALAMINE",1,"CALAMINE LOTION 8-8% 177ML"
"COLACE",1,"COLACE 2IN1 TB 8.6-50MG 30"
"COLPAC",1,"COLPAC PC HALF SZ 7.5X11N BLUE"
"ROLAIDS",1,"ROLAIDS ULTRA STRNTH CW 10 AS FRT"
"PHILLIPS",1,"PHILLIPS MOM SS 360ML ORIG"
"GENTEAL",1,"GENTEAL TEARS DR0.1-0.3-0.2% 15ML"
"SUDOGEST",1,"SUDOGEST TB 30MG 100"
"UNDERPADS",1,"UNDERPADS 30X36N 4X10 PREMIUM"
"VAPORIZER",1,"VAPORIZER VICKS EQ 1.5GAL"
"ALWAYS",1,"ALWAYS DISCREET PA 2X33 XHVY S6"
"NSL",1,"NSL DEC SN 0.05% 30ML NO DRP 12HR"
"ZEWA",1,"ZEWA NON-CONTACT THERMOMETER EQ"
"ALLERGY",1,"ALLERGY TB 4MG 24"
"AUTODROP",1,"AUTODROP EYE DROP AID"
"BALMEX",1,"BALMEX DIAPER RASH CR 11.3% 453GM"
"ABDOMINAL",1,"ABDOMINAL PA 5X9N 20 STR"
"BACITRAYCIN",1,"BACITRAYCIN PLUS OI 28GM W/ALOE"
"BENGAY",1,"BENGAY CR 30-10-4% 113GM USTR"
"EPT",1,"EPT TS 2 ANALOG"
"ACCU",1,"ACCU-CHEK GUIDE SI 50"
"FLOSS",1,"FLOSS PICKS 2IN1 50 CSTRCH MNT"
"MEPILEX",1,"MEPILEX BORDER DS 4X4N 5 SADH"
"PEPTO",1,"PEPTO-BISMOL GC 262MG 12 LQGL"
"NEO",1,"NEO-SYNEPHRINE SN 0.5% 15ML RS"
"EUCERIN",1,"EUCERIN ADV HYD AE 170GM SPF50"
"GAS",1,"GAS RELIEF CW 80MG 100 AGS MNT"
"MG217",1,"MG217 ICHTHAMMOL OI 10% 28.3GM"
"PATADAY",1,"PATADAY DR 0.7% 2.5ML OPTH 1/D"
"SCH",1,"SCH CALLUS RMVR AP 40% 4  XTHK"
"CHD",1,"CHD ACETAMIN SS 160MG/5ML 118ML"
"ANBESOL",1,"ANBESOL GL 20% 9GM MS"
"SECRET",1,"SECRET WHOLE BDY DEO CR 3OZ PC+VN"
"CLEARCANAL",1,"CLEARCANAL DR 6.5% ERWX/RMV AD"
"CORTIZONE",1,"CORTIZONE-10 OI 1% 28GM I/RLF"
"DOVE",1,"DOVE WHOLE BODY CR 2.5OZ 73ML"
"NYQUIL",1,"NYQUIL COLD&FLU LQ 118ML"
"CONTAC",1,"CONTAC C/F GC15-6.25-325MG 24LQGL"
"HIBICLENS",1,"HIBICLENS A/SKN CLNS SL 4% 236ML"
"AMMONIUM",1,"AMMONIUM LACT LT 12% 225GM FF"
"ACETAMIN",1,"ACETAMIN SS160MG/5ML 59ML CHY CHD"
"EAR",1,"EAR WAX REMOVAL DR 6.5% 15ML"
"ORACOAT",1,"ORACOAT XYLIMELTS LZ 80 MILD MINT"
"AIRIAL",1,"AIRIAL FINGER PULSE OXIMETER EQ"
"ALLEGRA",1,"ALLEGRA 24H TB 180MG 30 ND"
"BUDESONIDE",1,"BUDESONIDE SN 32MCG 8.43ML"
"DENTAL",1,"DENTAL GUARD KT PROFESSIONAL LF"
"DOO",1,"DOO GRO MEGA THICK OL 4.5OZ FRML"
"CLOTRIMAZOLE",1,"CLOTRIMAZOLE CR 1% 30GM OTC"
"COMPEED",1,"COMPEED ADV BLISTER PD 12 MIXED"
"MACKS",1,"MACKS PS EARPLUG 12EA SIL"
"ICY",1,"ICY HOT ORIG CR 30-10%35.4GM PRLF"
"EXCEDRIN",1,"EXCEDRIN ES TB 250-250-65MG 100"
"GERI",1,"GERI-DRYL A/R LQ 12.5MG/5ML 473ML"
"MIRALAX",1,"MIRALAX PW 17GM/DS 119GM PEG 3350"
"LIP",1,"LIP BALM SPHERE ST STB SBT"
"LORATADINE",1,"LORATADINE TB 10MG 30"
"NASAMIST",1,"NASAMIST SALINE SP 125ML HYPR"
"NIVEA",1,"NIVEA COCOA BUTTER BODY CR 15.5OZ"
"PAIN",1,"PAIN RELIEF TB 500MG 100"
"PALMERS",1,"PALMERS CCBT HAIR CD 12OZ"
"CANE",1,"CANE EQ ALUMINUM ROUND/HANDLE"
"CITRACAL+D",1,"CITRACAL+D SL-R 1200 TB 80"
"MELATONIN",1,"MELATONIN TB 3MG 60"
"PILL",1,"PILL ORGZ 7DAY MD"
"OMEPRAZOLE",1,"OMEPRAZOLE TB 20MG 28 DR"
"CITRACAL",1,"CITRACAL PETITES TB400MG-500U 200"
"PREVAIL",1,"PREVAIL WSHCLTH PA 48 WW710"
"SUDAFED",1,"SUDAFED SIN/CONG 12H TB 120MG 20"
"VALERIAN",1,"VALERIAN ROOT CP 450MG 60 SF PF"
"CON183910",1,"CON183910 STOMAHESIVE PS 56.7GM"
"ENEMA",1,"ENEMA EN 133ML ADULT"
"ATRANTIL",1,"ATRANTIL CP 20 BPK G/F"
"FOLIC",1,"FOLIC ACID TB 400MCG 100"
"PRESERVISION",1,"PRESERVISION AREDS 2 GC 120 SFG"
"REMEDY",1,"REMEDY SPECIALIZED OI 15-49% 113"
"SINUCLEANSE",1,"SINUCLEANSE NETIPOT N/SYS KT"
"SWIFFER",1,"SWIFFER DRY DUSTER KT 5 W/HANDLE"
"VICKS",1,"VICKS SINUS STEAM INHALER EQ"
"SUPER",1,"SUPER STRENGTH BLUE-EMU CR 118GM"